names,scores,logfoldchanges,pvals,pvals_adj,pct_nz_group
SOD2,254.49077,1.7643778,0.0,0.0,0.3955342294371634
ITGB1,221.98479,1.0851746,0.0,0.0,0.4361646806930819
MSN,208.46971,1.1866202,0.0,0.0,0.3722371827146555
HMGB1,195.18149,0.87785155,0.0,0.0,0.4140239995117709
MGP,191.03287,2.4063497,0.0,0.0,0.2507418793768976
CD74,187.15195,2.198081,0.0,0.0,0.24420291513459358
LUM,181.57237,3.2881095,0.0,0.0,0.21354873899577376
C7,157.07744,1.9168941,0.0,0.0,0.22110929720437983
PIGR,151.70906,1.3379259,0.0,0.0,0.2710682300169355
ZEB2,151.65706,1.1154917,0.0,0.0,0.26612999608399573
TNFSF10,147.48398,1.6560093,0.0,0.0,0.21399310376394123
NRP1,141.52654,0.73548436,0.0,0.0,0.30525125998708225
TNC,137.88432,2.2071702,0.0,0.0,0.17578472656627456
TIMP1,136.33524,4.275959,0.0,0.0,0.14917115481439666
TKT,133.28424,1.357027,0.0,0.0,0.20544083019290135
CLU,132.86673,1.4462572,0.0,0.0,0.2124890021309166
STAT1,128.93748,0.7918352,0.0,0.0,0.25822170178356196
NNMT,125.75884,2.147005,0.0,0.0,0.16160510402839867
MMP7,119.184555,2.856043,0.0,0.0,0.14168815383285274
VCAN,117.68025,2.7883356,0.0,0.0,0.13775117098698564
IGFBP5,115.48913,0.927871,0.0,0.0,0.2419391341053456
HIF1A,115.179306,0.5081079,0.0,0.0,0.3069842190114378
VIM,111.04002,2.531263,0.0,0.0,0.13417018852763327
IL6ST,110.08042,0.30895892,0.0,0.0,0.3389282608363975
LYZ,109.5167,3.6037004,0.0,0.0,0.12353849127036196
TGFBI,109.059235,2.115952,0.0,0.0,0.13760559225750016
C3,105.234955,3.1969347,0.0,0.0,0.12220603268083548
CD163,104.86541,2.504874,0.0,0.0,0.12825803925158547
S100A6,102.50143,0.78857625,0.0,0.0,0.20644907414470906
VCAM1,100.85972,1.015079,0.0,0.0,0.16629795198063357
LAPTM5,100.710976,3.410903,0.0,0.0,0.11429455980552207
TGFB1,99.7091,1.5603551,0.0,0.0,0.13935762273113325
AHR,94.46697,1.4308448,0.0,0.0,0.13213590060469207
CD44,93.755936,1.1677476,0.0,0.0,0.14332194132096487
MMP14,92.432495,0.9924155,0.0,0.0,0.15235672255872734
TGFBR2,92.38208,0.4298476,0.0,0.0,0.21630710627628683
ITGB8,91.70327,0.5930923,0.0,0.0,0.1889281336934023
TAGLN,90.79306,0.76648533,0.0,0.0,0.19054539259214054
IL1R1,90.75065,0.9152369,0.0,0.0,0.15538336155907825
CD99,90.57457,1.0612402,0.0,0.0,0.1439290491229676
STAT3,89.593376,0.290288,0.0,0.0,0.25990507503979576
IL13RA1,88.29383,0.8020953,0.0,0.0,0.16240038346327348
CXCL12,87.4256,0.7208101,0.0,0.0,0.17651325592867786
COL3A1,86.82068,2.4285853,0.0,0.0,0.10800161725889874
CDH6,86.562004,1.600581,0.0,0.0,0.12723708100025938
ATF4,82.17183,0.14184944,0.0,0.0,0.32164189921120484
EIF2AK2,81.74863,0.685563,0.0,0.0,0.15034404894496742
TACSTD2,79.76535,1.0205009,0.0,0.0,0.1584932792212746
IFNGR1,77.91573,0.72526443,0.0,0.0,0.14554885088160952
MRC1,74.19148,2.1968997,0.0,0.0,0.09407755214134232
COL1A1,73.16793,1.8840374,0.0,0.0,0.09938831505017062
TGFBR1,72.82349,0.65611345,0.0,0.0,0.13423757431508068
CYBB,72.533806,2.568125,0.0,0.0,0.08791302401985465
CFH,72.0791,1.2301388,0.0,0.0,0.11162264976173403
COL6A3,71.54188,1.8720126,0.0,0.0,0.09438396675973534
STMN1,71.031685,1.4204005,0.0,0.0,0.1000462800502469
IL32,70.24043,1.6677314,0.0,0.0,0.09412395933458442
EIF2AK1,69.760735,0.26830277,0.0,0.0,0.17576756226192475
ITGA1,69.2259,0.3207221,0.0,0.0,0.18770247521983024
SIRPA,67.561874,1.0100696,0.0,0.0,0.10558907892528568
F11R,67.53924,0.38525835,0.0,0.0,0.15474701086818324
APBB1IP,66.91137,1.4156731,0.0,0.0,0.09639091893871199
ACTA2,66.37175,0.8849749,0.0,0.0,0.11885517904276582
SLCO2B1,65.82616,0.7629164,0.0,0.0,0.1331473231313794
PARP8,65.65472,0.5709756,0.0,0.0,0.12948115486525386
VASP,65.07586,0.42291883,0.0,0.0,0.13721335611735808
CRK,64.85313,0.31033567,0.0,0.0,0.14629009454353123
KLF3,63.71053,0.29346782,0.0,0.0,0.1470205310508623
PLEC,61.54822,0.12543862,0.0,0.0,0.18544060133551002
FCGR3B,59.46601,3.0990567,0.0,0.0,0.06752246616724898
C1QC,58.962276,3.5023785,0.0,0.0,0.06626883623473648
FYB1,58.74865,1.8782822,0.0,0.0,0.07594696102812912
NMI,57.939754,0.9242329,0.0,0.0,0.09076929140665924
HAVCR1,57.73864,0.80637825,0.0,0.0,0.10145057443205224
ATF6,56.5606,0.0889166,0.0,0.0,0.16391656368084057
MAF,56.317013,0.054796085,0.0,0.0,0.22192555523345997
PECAM1,55.776665,0.57305855,0.0,0.0,0.12400129177283106
TNFAIP2,55.64634,-0.05024028,0.0,0.0,0.21437326131954085
VSIG4,55.634068,3.028572,0.0,0.0,0.06403239094945302
DUSP6,55.47395,0.2532571,0.0,0.0,0.13077547055622518
CXCL16,55.313755,1.6537054,0.0,0.0,0.07151157764114144
ABCC3,55.13084,0.7235366,0.0,0.0,0.08637268663320263
CD14,54.666546,1.5911548,0.0,0.0,0.07440725935645301
CSF1R,54.563248,1.7746843,0.0,0.0,0.07236915714365633
PDGFRB,54.53524,0.5531329,0.0,0.0,0.10814592455843237
SLPI,54.331413,4.0754514,0.0,0.0,0.060090958098754504
FABP5,53.67757,0.7957265,0.0,0.0,0.09086719151295078
EIF2S1,53.229187,0.5335991,0.0,0.0,0.09911559332550132
CD93,52.743877,0.7922181,0.0,0.0,0.09523900340234655
CD4,52.303226,2.4728823,0.0,0.0,0.06298854695899384
FAS,51.715714,0.45498627,0.0,0.0,0.09713788403541695
PLXDC2,50.925987,-0.040500857,0.0,0.0,0.19717399264604915
PLOD2,49.569256,0.39061043,0.0,0.0,0.10291208316169029
BCL6,48.940804,0.26571384,0.0,0.0,0.10408052728742963
IRF8,48.597977,1.1483399,0.0,0.0,0.07326742240463004
RUNX1,48.313084,0.90071696,0.0,0.0,0.0740741447090714
ICAM1,47.964294,0.5890486,0.0,0.0,0.0831260902511837
LSP1,46.625046,0.65496194,0.0,0.0,0.08444011310640852
C1QB,46.228348,3.6649802,0.0,0.0,0.05144714157118228
IL18,45.214306,0.32418227,0.0,0.0,0.09448504544090648
SEMA4D,44.225952,0.038108382,0.0,0.0,0.13530684690457664
HAVCR2,43.33982,0.49013618,0.0,0.0,0.08756338078309914
CHST11,43.12319,1.1696075,0.0,0.0,0.06192499580428116
CLDN1,42.915184,1.3076446,0.0,0.0,0.060332529789603774
CRKL,42.680042,0.0711782,0.0,0.0,0.11875791465145019
STAT6,41.812397,-0.19958568,0.0,0.0,0.23175879448097686
FCER1G,40.911186,2.7380393,0.0,0.0,0.048051787884798275
TRAC,39.72939,2.3696976,0.0,0.0,0.04948405372554404
PTPN6,39.29266,0.5678818,0.0,0.0,0.07310340794084291
CDH2,39.19651,0.48441696,0.0,0.0,0.07177349221122012
PTPRC,38.752098,1.4860442,0.0,0.0,0.05475158801600984
CD2,38.738964,2.3379333,0.0,0.0,0.04751778730502622
DOCK8,38.622864,0.29781184,0.0,0.0,0.08905095382674987
ITGB2,38.14277,2.4533799,0.0,0.0,0.0453156706284424
CXCR4,38.106422,1.4047477,0.0,0.0,0.053354922213915544
IL7R,37.90093,2.2187943,0.0,0.0,0.047641751725330445
CDKN1A,37.8506,0.95491654,0.0,0.0,0.059047114108295315
ITGA4,37.621098,1.5291027,9.7170174189295e-310,3.61563438843889e-309,0.05105045542620875
SEMA5A,37.28847,-0.026425602,2.523312256420431e-304,9.316845254475437e-304,0.11546236821628549
NT5E,37.268646,0.357571,5.286490827232045e-304,1.937034806924719e-303,0.07485607412945192
IL10RA,36.793118,1.2278689,2.3788042298894128e-296,8.650197199597864e-296,0.05352338668253411
ITGAL,36.50024,1.4985249,1.0993097335167699e-291,3.967433624722177e-291,0.04925837490909276
CDK4,36.413105,0.2724506,2.6408766597624776e-290,9.459856691686486e-290,0.08062645896586973
OAS3,36.33722,0.804126,4.182673719213955e-289,1.4871728779427397e-288,0.05811070594876646
NTN4,36.088234,-0.13494505,3.469196319271809e-285,1.2244222303312268e-284,0.16885161903890067
LYVE1,35.631203,1.6804153,4.6071985255810155e-278,1.614200943269261e-277,0.04869258858052474
SPI1,34.96823,1.5481381,6.842226375770956e-268,2.3627832088993227e-267,0.047760630425827316
CSF2RA,34.92831,1.3441241,2.7646242330368253e-267,9.478711656126257e-267,0.04887567449358945
SEMA6A,34.749065,0.012495573,1.4318151479243954e-264,4.8742643333596435e-264,0.08705608023231567
CCL21,34.442493,2.4630277,5.8328317503963544e-260,1.9716614367536972e-259,0.04249754614019295
PPP1R15B,32.59004,-0.3036004,5.676371831634718e-233,1.8790748132308034e-232,0.15013998443769738
IL17RA,31.771957,0.40006977,1.5798192532118719e-221,5.12373811852499e-221,0.0654881782443078
RIPK2,31.473845,0.5346597,1.9809087993099124e-217,6.381451165562134e-217,0.05579352486154128
ALDH1A2,31.195278,0.5136177,1.2347252810467725e-213,3.951120899349672e-213,0.06205976737917601
ITGAM,30.737736,1.8413233,1.7834888801379902e-207,5.669368625604207e-207,0.039350757009393326
ACSM3,30.139858,0.045706905,1.4567167050639223e-199,4.570091623729952e-199,0.08161753861332764
CREB5,29.843184,0.10823212,1.076190532223653e-195,3.3327190675313123e-195,0.06286648968361737
IFNGR2,29.570797,1.4558382,3.548739777450858e-192,1.091919931523341e-191,0.03959423584517035
LCP2,29.336906,1.6682054,3.510486187096096e-189,1.0732696622968956e-188,0.03850334894649314
SELENOK,29.127304,0.97029066,1.6197293192470468e-186,4.920696666066978e-186,0.04233416739138174
CX3CL1,29.118565,0.14966053,2.089794044944981e-186,6.3088122111546605e-186,0.06411058389149109
PLVAP,28.657568,0.66189533,1.2902185846128219e-180,3.870655753838466e-180,0.059682829084214434
IRF5,27.945023,0.75229174,7.577456303290118e-172,2.259117407192085e-171,0.04597554277344644
C4A,27.82858,-0.21192819,1.956899246121204e-170,5.798219988507271e-170,0.22149835476964233
FCGR3A,27.617804,2.906626,6.802054823540895e-168,2.003059089140877e-167,0.03160520574279481
CD3G,27.59991,1.9376388,1.1154509963829427e-167,3.2647346235598322e-167,0.035094645245614835
ITGAX,27.505949,0.94887865,1.490312013922519e-166,4.3354531314109643e-166,0.041406023526539826
FN1,27.425098,2.1130507,1.3770724059229031e-165,3.9818961135120093e-165,0.03441697308128506
CD209,27.29848,1.5365634,4.42166159416457e-164,1.2708967456281399e-163,0.0370520116564698
CD3E,27.122072,2.0004828,5.408086460772155e-162,1.5451675602206158e-161,0.03408830843873488
PFKP,27.064108,-0.22886896,2.6061000306062e-161,7.401940915331219e-161,0.11730276307157134
CD96,26.997028,1.4798942,1.601502964961658e-160,4.5218907245976223e-160,0.037296761922198655
CORO1A,25.565752,1.5090587,3.668657047319171e-144,1.0178932848053191e-143,0.03440807307162219
CLEC10A,25.375101,1.6675853,4.749817330898992e-142,1.3102944361100669e-141,0.033715779462846276
IL15,25.170797,0.21099155,8.367327266059414e-140,2.2950383358334394e-139,0.053276729271877495
CSF1,25.099768,0.5081644,5.0025570490278675e-139,1.364333740643964e-138,0.044569341246713357
TRBC2,24.895674,1.9726869,8.287867183754889e-137,2.247557202374207e-136,0.03224473500856944
ATF5,24.8085,0.5625488,7.258333159865337e-136,1.9573033240086302e-135,0.043868783343250485
FOXN3,24.688116,-0.12886147,1.4349407150936856e-134,3.8478857164523414e-134,0.09699484816583515
NPNT,24.674963,-0.057223674,1.9863681833410135e-134,5.296981822242702e-134,0.08624109363318737
MYO1G,24.50529,1.5390068,1.297305746022287e-132,3.440368829230374e-132,0.03258738538058984
EIF2AK4,24.33693,-0.12979165,7.973563264809761e-131,2.1029177841256515e-130,0.07462658102314511
CXCL1,23.841389,1.0250448,1.2438916470988388e-125,3.262666615341217e-125,0.034899480748007666
ADAM17,23.74576,-0.2964013,1.2153568690449081e-124,3.1704961801171513e-124,0.09152833508790667
COL16A1,23.681347,-0.03790359,5.613605062553429e-124,1.4565029351489977e-123,0.06031854406013355
TRAF3IP2,23.487812,0.58720666,5.433828400133384e-122,1.4022782968086153e-121,0.040716908492643505
CD33,23.357449,1.6905141,1.1577661199297067e-120,2.971806083242028e-120,0.02995679681023654
JAG1,23.246979,-0.29746854,1.526238796466053e-119,3.896779905870774e-119,0.11280698676187134
COL8A1,23.19583,1.1061977,5.016641392553911e-119,1.274067655251787e-118,0.034134079917001056
COL7A1,23.115366,0.36884907,3.2440029767234015e-118,8.195375941195962e-118,0.045851578353142214
OLFML2B,22.952122,1.7587698,1.403303812256765e-116,3.5266273815876823e-116,0.02944313910969389
CD3D,22.870892,2.3793325,9.056206675122783e-116,2.2640516687806954e-115,0.02790407315299371
ITGA11,22.79551,0.07932769,5.080500649036225e-115,1.263544202869113e-114,0.05486220242181977
MKI67,22.654083,0.86449337,1.2716482580217555e-113,3.146346205414653e-113,0.03726243331349902
PTPN22,22.610844,0.79389286,3.389923954390655e-113,8.34442819542315e-113,0.03708061883038616
DPYSL3,22.60511,0.91764885,3.860053519612048e-113,9.453192292927465e-113,0.038921013685672
FPR3,22.455832,2.1370409,1.1223692848067805e-111,2.734706886838856e-111,0.027207965254362275
CD28,22.389938,1.2327985,4.932772377970458e-111,1.1958236067807172e-110,0.03214238489744646
EMCN,22.33169,-0.14334741,1.8191492433419555e-110,4.387897672382606e-110,0.08908019671564214
PNP,22.17352,-0.28963122,6.187813228677582e-109,1.4850751748826197e-108,0.0857299787925484
TCF7,22.059114,1.4891992,7.809776446572693e-108,1.8650212409725834e-107,0.03017802562185639
EIF2AK3,22.034344,-0.047059853,1.3498961157078017e-107,3.207673938315569e-107,0.059307121533446236
CD86,21.990877,1.1943518,3.5212177461781285e-107,8.326032109189663e-107,0.031173555274145726
CCR2,21.810774,2.3038998,1.833466472065405e-105,4.3140387578009524e-105,0.02608084260205768
JCHAIN,21.752205,2.476118,6.583783910722893e-105,1.541568915681458e-104,0.027006443606995917
PRICKLE1,21.544506,0.55554837,5.961553570139102e-103,1.3890998610032859e-102,0.03804436273387954
ITGA2,21.46435,-0.20790255,3.3540471591387913e-102,7.777500658872558e-102,0.0877916024594541
OXR1,21.424147,-0.4189238,7.957945220768595e-102,1.836448897100445e-101,0.1809747036296782
CD38,21.407204,1.6123238,1.1447866408155951e-101,2.6291750602463427e-101,0.029036281525105657
CTHRC1,21.371288,0.908666,2.472196662069367e-101,5.6507352275871246e-101,0.0323432708298369
PIK3CG,21.107382,1.4541008,6.803758955773851e-99,1.5477745491807813e-98,0.028656759684481944
SIPA1,20.958216,0.1724277,1.5789724900480854e-97,3.5750320529390615e-97,0.04796024492826592
BCL11B,20.614613,1.2567009,2.029442740931708e-94,4.5733920922404686e-94,0.02950861775221356
IL2RG,20.373907,2.179556,2.8500605614841412e-92,6.362925904708781e-92,0.024935284215451433
FUT4,20.133162,0.23730835,3.780832102181909e-90,8.363130917268738e-90,0.03974617172441502
IKZF2,19.762014,0.16785248,6.323021560788245e-87,1.3922249308157603e-86,0.04640274323726409
STAT4,19.592121,0.5472489,1.8050908043170254e-85,3.9563634067222477e-85,0.03561974581572403
ADAMTS5,19.438765,0.4696483,3.6280114498805125e-84,7.879843873043648e-84,0.0386482919610027
P2RX7,19.253555,0.98568624,1.3180047407761565e-82,2.849739980056555e-82,0.02881123842363029
ESAM,19.212471,-0.13497388,2.910797838075355e-82,6.265394449668926e-82,0.07781405591240356
TRAFD1,18.99463,-0.15082051,1.889102977080173e-80,4.048077808028942e-80,0.06132043086218208
KLRB1,18.735468,2.0219119,2.543920722681638e-78,5.427030875054161e-78,0.02411012617670842
CCL2,18.70503,-0.41852713,4.504804752095301e-78,9.567726907105064e-78,0.06010430811324881
ID3,18.381386,-0.27225295,1.8517492830296e-75,3.9155931975956303e-75,0.07702513362728794
RNASE2,18.346708,2.1769204,3.5073313532388436e-75,7.383855480502829e-75,0.022029431060525153
NFATC2,18.131048,0.009290057,1.812712957360974e-73,3.7995730110623034e-73,0.042853546526707656
CSF2RB,17.558537,1.0966113,5.117798585280031e-69,1.0680623134497457e-68,0.027113243722950327
IL33,17.545757,1.3547953,6.40927848737339e-69,1.3317981272464187e-68,0.024581826688840406
PDGFA,17.538845,0.17639795,7.238257269144012e-69,1.4975704694780714e-68,0.03938254275818928
C5AR1,17.521389,0.019468807,9.839403467093628e-69,2.0270015726201463e-68,0.049060031836606
CX3CR1,17.333797,1.795415,2.6148302917565848e-67,5.363754444628892e-67,0.02220298124895107
TYROBP,16.98624,1.531908,1.038337445320634e-64,2.1118727701436622e-64,0.022672774616155297
CD8A,16.965067,1.98817,1.4893201537504736e-64,3.0163446151908327e-64,0.021593330587044636
S1PR1,16.886148,0.7382246,5.689800089353188e-64,1.1475227070964413e-63,0.029384653331909334
LTB,16.83012,1.6917498,1.4680340760193178e-63,2.9483529560220606e-63,0.0221940812392882
TNFSF13B,16.786692,0.6716095,3.054002404096183e-63,6.108004808192366e-63,0.02959507498893856
JAM3,16.609232,0.24055085,5.975362169329059e-62,1.1901136270862857e-61,0.03657776828443414
GPR183,16.592634,1.5490518,7.878800107917267e-62,1.5627372114877222e-61,0.02197984529240346
TENT5C,16.538923,0.26049963,1.924322921647488e-61,3.801131697081458e-61,0.05232824252780617
CXCL2,16.514915,-0.008303781,2.8656316095224354e-61,5.637308084306431e-61,0.035765324545209504
BNC2,16.455801,-0.49151054,7.620646185443573e-61,1.4930245587807818e-60,0.10311296909408073
EDN1,16.27719,0.23953095,1.4330081516263863e-59,2.784793169152492e-59,0.032584206805710246
SLC13A1,16.267511,-0.12980205,1.678409061714692e-59,3.2485336678348874e-59,0.10865958225897503
AQP1,16.173092,-0.124293484,7.807953854149098e-59,1.5051477309203078e-58,0.21824921552771973
SLC12A2,15.935618,-0.1942022,3.586358158728728e-57,6.885807664759157e-57,0.051972242141291466
THEMIS,15.87068,1.5317137,1.0113879307601477e-56,1.9341283138042664e-56,0.021362566050785996
ROBO1,15.762639,0.26582906,5.623475372949046e-56,1.0711381662760087e-55,0.03462930188324204
KLRK1,15.657364,0.7379671,2.9590875884696977e-55,5.614079219231047e-55,0.02709735084855235
TYMP,15.524279,0.8496942,2.37660012986079e-54,4.491212843831414e-54,0.023362525365027538
PRDM1,15.351162,0.42138755,3.478986304343565e-53,6.548680102293769e-53,0.032034949066516126
GZMK,15.259306,1.7534628,1.427587062666691e-52,2.6767257425000457e-52,0.02000086457236725
TRAF6,15.231254,-0.38185,2.1934470552275347e-52,4.096710453343256e-52,0.0742006519892793
JAM2,15.167642,0.6803983,5.792120304139579e-52,1.0776037775143404e-51,0.026249942785652167
S1PR3,15.0631275,-0.17709243,2.830706587825815e-51,5.2460971511829776e-51,0.04498128455110894
TIGIT,15.008995,1.2017906,6.411184446482846e-51,1.1836032824276026e-50,0.02129835883821817
ITGAE,14.958708,0.30460137,1.366536050226895e-50,2.503577496598892e-50,0.02842090942841595
TOP2A,14.576207,0.74263644,3.9802310868426375e-48,7.26430008245044e-48,0.024267783490736362
IL2RB,14.50762,2.3075125,1.0841736366749862e-47,1.9712247939545202e-47,0.01738807602133968
KLRG1,14.46059,0.7769472,2.1494726328964538e-47,3.893384391661501e-47,0.025018562877296837
KDR,14.328374,0.076681145,1.454873639861349e-46,2.625335891479126e-46,0.0465095433532185
SLC8A1,14.137118,-0.58502465,2.2428054692522503e-45,4.032009832363596e-45,0.12470502825117354
LIF,14.074061,-0.653728,5.482800299951456e-45,9.819940835733951e-45,0.041500745057951774
IRF4,14.058188,1.7023886,6.862077673691032e-45,1.224459956643753e-44,0.018673491702648135
KIRREL1,14.046947,-0.20309131,8.042783081315321e-45,1.429828103344946e-44,0.05049484053725544
SLC14A1,14.014868,1.2680179,1.2643393511727856e-44,2.239420252999768e-44,0.020400729292220376
S100A9,13.9616995,3.0331948,2.669897623918501e-44,4.71158404220912e-44,0.015958353040497586
GZMA,13.949678,2.3743978,3.160272742469711e-44,5.556523503243448e-44,0.01664873950434575
MZB1,13.812042,2.756796,2.156303649093344e-43,3.777466246586881e-43,0.01669641812753968
CXCR6,13.803484,1.3891342,2.4282730832911454e-43,4.238440290835454e-43,0.01846052718571523
PRKCH,13.782717,0.15000848,3.2385222839276853e-43,5.632212667700322e-43,0.03106993373307091
FAP,13.57024,1.6841785,6.012466804045106e-42,1.0418715039500545e-41,0.017313061654181224
IGFBP6,13.549731,1.8212409,7.95210942088801e-42,1.3730260870598003e-41,0.01786359082332718
CCR4,13.41754,1.7817893,4.772965690099714e-41,8.211553875440369e-41,0.017233597282191336
NRXN1,13.397893,0.48222548,6.220387195694363e-41,1.0663520906904622e-40,0.02226909560644666
CXCL10,13.204221,1.1454039,8.29537629623222e-40,1.4170037801393115e-39,0.019678557079576258
LEF1,13.176501,0.23847108,1.1982017447628079e-39,2.0394923315111624e-39,0.03139796266064517
SELP,13.110364,0.5087343,2.872153716436552e-39,4.8714974695743634e-39,0.024330719273352355
IL9R,12.994998,1.0548854,1.3061116022838057e-38,2.207512567240235e-38,0.01900851349495751
TNFSF8,12.970401,1.3762869,1.8008614639208243e-38,3.0330298339719146e-38,0.017613119122815046
CAMK1D,12.902306,0.16566747,4.368305219857803e-38,7.331421348013097e-38,0.028211123486362642
NCAM1,12.893794,0.9280582,4.878355251049135e-38,8.158921674228518e-38,0.019409013929786553
SLFN12L,12.892855,0.5744646,4.93816393240304e-38,8.230273220671733e-38,0.021682330683673312
CTLA4,12.863121,1.0206918,7.258569959368897e-38,1.20557563338999e-37,0.019601635567490044
PIK3CD,12.756385,-0.038620036,2.872261270399145e-37,4.754087619970999e-37,0.039189285405509866
LATS2,12.6615305,-0.42705533,9.6597661393453e-37,1.5879067626321043e-36,0.08319474746858296
CCL5,12.474416,2.8170578,1.0295806711522084e-35,1.686685058542867e-35,0.014346179861566707
CDH13,12.355416,-0.16353732,4.553912125545662e-35,7.434958572319447e-35,0.038529413260505824
TOX,12.333486,-0.009902049,5.980296743261869e-35,9.73065232801931e-35,0.03031216148177532
PDGFB,12.263771,-0.48650584,1.417461123799799e-34,2.298585606161836e-34,0.061671345528889435
KLRG2,12.168002,1.0174431,4.6021047321709946e-34,7.437745021690496e-34,0.017679233480310634
CXCL9,12.123461,1.1625879,7.933705045011803e-34,1.277912222015324e-33,0.018080369630115598
RAMP1,11.985186,1.4968542,4.2489342997274626e-33,6.821031651736395e-33,0.016549567968102367
BTLA,11.805715,0.95248485,3.6468121036088556e-32,5.815514318047345e-32,0.01781273362525365
PDPN,11.772258,0.61595976,5.425259960378196e-32,8.622929738349451e-32,0.02057745805552589
ICOSLG,11.687885,-0.41599485,1.470007416414934e-31,2.328724620063262e-31,0.06620526473714457
CD226,11.567456,0.42050615,6.0242062190662135e-31,9.511904556420337e-31,0.02359773990611761
RGS1,11.544725,-0.3719475,7.8491316228288245e-31,1.2352731734287987e-30,0.03235852798925896
ARHGAP15,11.508796,1.8529503,1.1913056090798455e-30,1.8687146809095617e-30,0.01453180863453509
ZAP70,11.490863,0.94350344,1.4664059729910896e-30,2.292752009888349e-30,0.017938605190485634
KLF2,11.345369,-0.076358885,7.819542807812034e-30,1.2186300479707065e-29,0.036023424825432665
FCRL5,11.337746,1.5711707,8.531430918960665e-30,1.3252708223628216e-29,0.015119844987260272
FCER1A,11.270686,1.3278967,1.831368395820254e-29,2.835667193528135e-29,0.015931653011508985
TNFSF14,11.208295,1.7571378,3.7127716566348167e-29,5.730322814098752e-29,0.014004165204522223
AQP2,11.166584,-0.30941415,5.94222314457009e-29,9.141881760877061e-29,0.08316741172461845
IL18BP,11.141535,-0.4979176,7.875068068554202e-29,1.2076781702575134e-28,0.09350604437799104
IL2RA,11.059397,1.0103189,1.9741990195809072e-28,3.0178838515886478e-28,0.016347410605760088
SELL,10.963999,1.9227704,5.692689528324916e-28,8.674574519352253e-28,0.0138039149871077
TRGC2,10.864451,0.69671047,1.7024354170118283e-27,2.5859778486255618e-27,0.01879109897319317
CCR7,10.472256,1.0039604,1.1584898332657054e-25,1.754180189172046e-25,0.015857274359326448
POU2AF1,10.451984,1.7634035,1.4349112688131854e-25,2.1659038019821666e-25,0.01340850027208601
IL12RB2,10.273235,0.95003146,9.303138611240925e-25,1.3998453082744967e-24,0.014786730339878654
CCL18,10.173533,1.0042588,2.6029159126568937e-24,3.9043738689853405e-24,0.015456773924497404
CIITA,10.152563,-0.5094971,3.2277315555851023e-24,4.826514475641275e-24,0.10293814747570297
C5,9.984114,-0.40448675,1.7889228557147303e-23,2.666717300444319e-23,0.04520632765258431
KLRF1,9.932591,0.15649171,3.003478356121831e-23,4.463373408478262e-23,0.02270710322485493
IFNA1,9.747427,0.4179678,1.8920209574833755e-22,2.802994011086482e-22,0.017629647712188945
MS4A1,9.69856,0.65600747,3.057830537864183e-22,4.5161804866917165e-22,0.01743766178946137
IL4R,9.589034,-0.6367837,8.891359625505172e-22,1.3091572454731541e-21,0.06662801519613079
FGF13,9.531195,0.010091352,1.5548278561866741e-21,2.2823161191730997e-21,0.030193282781278447
IL21R,9.279587,1.1916199,1.7013770252513345e-20,2.4898200369531723e-20,0.013788022112709722
CD200,9.039047,-0.12651783,1.5804290791170598e-19,2.3057931853379594e-19,0.027382786872740032
CD1C,9.038323,1.1209911,1.590935573780798e-19,2.3140881073175245e-19,0.013148492846935091
CFTR,8.887025,0.5028466,6.276700231530012e-19,9.102163477747449e-19,0.016723118156528285
XCL1,8.768578,0.09973894,1.8093809522723805e-18,2.615972461116695e-18,0.01911531361091192
MMP9,8.739878,1.3048686,2.333625206311202e-18,3.3637840811693004e-18,0.011920291513459358
TRDC,8.696139,0.866292,3.4336703239558878e-18,4.934616034427623e-18,0.013138957122296305
CXCL8,8.665341,0.14434896,4.50160739993618e-18,6.450064334236915e-18,0.017659526316057144
TRGC1,8.624119,0.41889176,6.4588172762766104e-18,9.226881823252301e-18,0.016314353427012294
CD19,8.561923,0.9915177,1.1100030777897326e-17,1.5810132858726163e-17,0.012330327672927188
XCL2,8.5138645,1.2040925,1.6823016069424926e-17,2.3890673708059064e-17,0.011916477223603842
RAC2,8.313731,1.0500596,9.273934278650505e-17,1.3131234376850271e-16,0.012427592064242812
CD27,8.295685,1.7194949,1.0796139002611342e-16,1.52416080036866e-16,0.010855468928794836
CXCL13,8.291046,0.567112,1.122569832585447e-16,1.5801569490938844e-16,0.014789273199782332
IL23R,8.277185,0.14771883,1.2612095052956989e-16,1.7701186039237877e-16,0.01678986822899979
CD79A,8.269796,2.119717,1.3418824188673775e-16,1.8778529476861258e-16,0.010383768416662852
PROX1,8.163201,-0.020827169,3.262594093367713e-16,4.552456874466577e-16,0.029847453834378448
CD247,8.114491,1.4157982,4.878232160874596e-16,6.767489702947416e-16,0.010858647503674433
MUC5AC,8.090054,1.1720495,5.963853687297652e-16,8.249711152457847e-16,0.01148736961485844
DDIT3,8.068523,-0.6613631,7.115363198051865e-16,9.814294066278434e-16,0.08186101744910466
LRG1,7.991856,2.262673,1.3292206745810533e-15,1.8281545094524516e-15,0.009496310310279766
CXCL11,7.892182,0.4933466,2.969480775101175e-15,4.072430777281612e-15,0.013906265098230678
CXCR2,7.76438,1.2001477,8.20454717910761e-15,1.1219893578266818e-14,0.010868818943289138
CCL20,7.7364173,0.81295377,1.0225751901868377e-14,1.3944207138911424e-14,0.012054427373378291
IL18R1,7.675166,-0.3090838,1.652046478794429e-14,2.2464088096921412e-14,0.027042679360623306
RUNX3,7.450443,1.7439871,9.302748610150807e-14,1.2613896420543467e-13,0.009535088923810832
TBX21,7.4340625,1.342819,1.0531203487051569e-13,1.4239373728971134e-13,0.010089432382812302
CXCL3,7.3956394,-0.012127168,1.4072931698667137e-13,1.8974739368989398e-13,0.01643196069755733
CCR6,7.3782287,0.88770807,1.604095256678551e-13,2.1567667316686398e-13,0.01144414099649594
CD40LG,7.350933,1.1888455,1.9682784620463926e-13,2.6390325748108055e-13,0.010331639788637485
PTGS2,7.329462,-0.28362998,2.3107853204371627e-13,3.089629397798992e-13,0.020976051345427175
CCN2,7.321425,-0.5223945,2.4535159588794555e-13,3.271354611839274e-13,0.06223458899755377
CCL19,7.2774253,1.4048446,3.4025082723074073e-13,4.5241107221815944e-13,0.010136475291030315
FLT1,7.262005,-0.45735323,3.813945861595086e-13,5.057165783330501e-13,0.09191294264833773
TNF,7.1216197,1.0185804,1.066661747300223e-12,1.4104618146118653e-12,0.010566854329727558
NKG7,6.9736505,1.8435477,3.0882109269152426e-12,4.0723660574706495e-12,0.008977566889929766
IL23A,6.9539332,0.6019583,3.5524006046779104e-12,4.6716501102613615e-12,0.011410448102772227
SERPINE1,6.9309273,-0.749697,4.180906622261477e-12,5.483156225916691e-12,0.03332227189275234
KIT,6.3957,0.003209475,1.5981373335430833e-10,2.0788778322511652e-10,0.0280966947906972
FASLG,6.363154,1.2868109,1.976525650681658e-10,2.5641413846680965e-10,0.008630466513077929
SIGLEC8,6.3093357,1.1159832,2.8023598716157184e-10,3.625694712602547e-10,0.008638730807764877
XCR1,6.1352286,1.3198959,8.5036868409509e-10,1.0972499149614065e-09,0.008387623392276826
IFNB1,6.1082644,1.3030244,1.007203570809457e-09,1.296133281470615e-09,0.00847153776909815
ANGPT2,6.078916,0.35552114,1.2099752246047095e-09,1.5529093791718196e-09,0.012697135214032517
ACKR3,6.039716,-0.2488727,1.5438604044666072e-09,1.9761413177172572e-09,0.019608628432225154
CLEC4C,6.037422,1.298857,1.5659561566909472e-09,1.999092965988443e-09,0.008437209160398517
MMP1,6.0110803,0.3891362,1.8429135218681894e-09,2.346415094155785e-09,0.010434625614736381
NCR1,5.9998736,1.2898543,1.974709371333121e-09,2.507567455661106e-09,0.0081606731458737
FOXP3,5.993628,1.3599868,2.0521028240473022e-09,2.5989692758382722e-09,0.00809646593330587
IL17F,5.9239297,1.4849683,3.1433789537203073e-09,3.960162461379915e-09,0.007608872546775908
ASCL2,5.919471,0.6883526,3.229787739270337e-09,4.058372028402518e-09,0.00905385268704006
MMP13,5.85223,0.9430088,4.8502476588405465e-09,6.078639363559954e-09,0.008560537865726825
GPX3,5.851503,-0.32514,4.871508537603901e-09,6.089385672004877e-09,0.23916360252048274
ICOS,5.8399987,0.69949204,5.2201241180709496e-09,6.508206692659885e-09,0.009587217551836199
IL17RB,5.806736,-0.54705876,6.370243607047017e-09,7.921546454358985e-09,0.10257769708435684
IL5,5.6824007,0.45269638,1.3281699358483035e-08,1.647342556090919e-08,0.009648881904500353
BMP7,5.6334887,-0.14184977,1.76600110696356e-08,2.1847436374806925e-08,0.017691947779829017
CD177,5.594141,0.1873365,2.217166495437664e-08,2.7358352642932612e-08,0.013076021339680312
AREG,5.5487585,0.031894967,2.8770562836832728e-08,3.5409923491486437e-08,0.012284556194661012
IL3RA,5.5245647,-0.1090925,3.303033153702093e-08,4.054874459787736e-08,0.014872551861627736
KLRC1,5.3407173,0.08820578,9.257951841067904e-08,1.1336267560491311e-07,0.011312547996480682
NOD1,5.258478,-0.58945364,1.452524951056045e-07,1.7740762760989863e-07,0.049275539213442576
IL12RB1,5.212693,0.17484854,1.8611846848571434e-07,2.2674331186076875e-07,0.009870110716120206
IL24,5.1828604,0.8078512,2.185084633637943e-07,2.6552927193575004e-07,0.007780515590274069
ARG1,5.1644945,0.3533909,2.41089463363664e-07,2.92229652562017e-07,0.009454353121869104
CCL26,5.111894,0.6767893,3.1894479839641265e-07,3.8562595272110347e-07,0.008681323711151458
TPSAB1,5.1028533,1.2680261,3.345701474739479e-07,4.03501685395716e-07,0.007570093933244842
S1PR4,5.0298114,1.7228037,4.909629162992692e-07,5.906320797585193e-07,0.006601264309944108
IL22,4.9687686,-0.113890626,6.737934641451312e-07,8.085521569741574e-07,0.01189740577432627
ZNF683,4.9037232,0.5800686,9.40370690752789e-07,1.1256307520232886e-06,0.008078665913980135
REN,4.8424215,-0.13065988,1.2826643430346258e-06,1.5315395140711949e-06,0.0094143030783862
DEFB4A,4.8124084,0.79159003,1.4912232831035196e-06,1.7761468384359538e-06,0.007198836387308077
CCL7,4.6928287,0.3430649,2.694533016071792e-06,3.201425365629852e-06,0.008437209160398517
PLAUR,4.6869717,-0.1590073,2.772774707814934e-06,3.2862515055584403e-06,0.010940019020592079
IL6,4.6563954,-0.46413413,3.2179344830836313e-06,3.8044545612811404e-06,0.014188522547538766
CPA3,4.6263075,1.968096,3.7224289636656983e-06,4.390088212676991e-06,0.005915327850927381
CD69,4.609246,0.0008739219,4.041324018395525e-06,4.754498845171206e-06,0.010510911411846676
IL9,4.556566,0.14229517,5.199665740942175e-06,6.1022972020837265e-06,0.008556087860895392
CLEC9A,4.542834,0.6312885,5.550305806068149e-06,6.497918992470028e-06,0.007814208483997782
TRBC1,4.4807243,1.1370925,7.439007883419963e-06,8.687892418592658e-06,0.006327271155322969
MS4A2,4.4655566,0.5236498,7.986080032991278e-06,9.304170912222849e-06,0.008186101744910466
MUC5B,4.324052,1.0509801,1.5318925247141617e-05,1.7804077769075e-05,0.005992249363013594
CXCR5,4.2806783,0.25488445,1.8632460101175675e-05,2.1602852291218172e-05,0.008029080145858444
IL10,4.27465,0.21809497,1.914377823783152e-05,2.2142201335323206e-05,0.00842830915073565
PTGDR2,4.272758,1.060166,1.9307012267332915e-05,2.2277321846922594e-05,0.006111128063510469
RAMP3,4.2666664,-0.35377035,1.9841552851274013e-05,2.2839197526646345e-05,0.023211860915734708
ITGA8,4.2292953,-0.4807727,2.3442437304135063e-05,2.691954522962878e-05,0.03414806564647127
CCR8,4.2150946,0.9775379,2.4967347699225934e-05,2.860221216140441e-05,0.0061009566238957634
XG,4.2019453,0.1310205,2.646312656798354e-05,3.0243573220552616e-05,0.00843530201547076
IFNG,4.1930127,0.23257111,2.752742864127272e-05,3.1385191800025906e-05,0.00789558000091543
IL13,4.0656233,0.40228918,4.790429964338328e-05,5.448830291190516e-05,0.006971886140904953
MMP3,4.030182,0.19969492,5.573375725617004e-05,6.32439798651575e-05,0.0077627155709483345
GZMB,3.9507868,0.8627318,7.789469157510591e-05,8.818266970766707e-05,0.005961735044169476
IL5RA,3.9080465,0.51758975,9.304542205416229e-05,0.00010508659431999506,0.006889878909011387
IL1B,3.8891497,-0.36329478,0.00010059604674352466,0.000113347658302563,0.009648246189524434
IL2,3.8328946,0.10842802,0.0001266442408703817,0.0001423635494561668,0.008426402005807892
DES,3.7291102,0.28967452,0.00019215708639445147,0.00021550327446106705,0.009357724445529398
CSF3,3.6598375,0.39959034,0.00025237517926406447,0.0002823778229527994,0.006172792416174623
GZMH,3.630677,1.6406775,0.0002826788062093551,0.00031554843483834987,0.004706197966729221
SKAP1,3.5838459,-0.49835336,0.00033857191274917547,0.00037706384714525343,0.06116976641288925
IL12B,3.5760105,1.3020933,0.0003488776835261138,0.0003876418705845709,0.004842876686551831
IL26,3.5328405,-0.28799054,0.00041112032423081066,0.0004557453940664876,0.011412355247699983
TNFSF11,3.5035524,-0.15165533,0.0004590961904761958,0.0005077561553653778,0.00839843054686745
IL1RL1,3.4909282,-0.67293406,0.00048134557971627953,0.0005311399500317567,0.024273504925519634
IL12A,3.441257,-0.14792341,0.0005790184106078055,0.0006374514612196024,0.009058938406847412
TRAV1-2,3.345299,0.9144393,0.0008219392494256643,0.0009028165668748716,0.0051378484353783015
CCR3,3.330804,0.028380312,0.0008659551280733234,0.0009489919211762448,0.007029736203713593
CCR9,3.2626286,-0.11948561,0.0011038407608704834,0.0012041899209496183,0.007476008116808813
CXCL5,3.1290827,-0.2278438,0.0017535302350744734,0.0019086043374960256,0.008267473261828112
CXCR3,3.0291073,0.46790132,0.0024527745257694566,0.0026636465438220347,0.005181077053740801
KLRD1,2.986729,-0.28066653,0.002819795686696498,0.003055309096194851,0.010386946991542448
IL21,2.7410178,-0.43428043,0.006124917678908373,0.006621532625846889,0.010837033194493183
NRG3,2.7286003,-0.11324062,0.006360377138103669,0.0068606315197522715,0.0060418351311352855
FUT7,2.7036753,0.54352987,0.006857726483288396,0.007380512807126525,0.004367361884564332
NCR3,2.6820488,0.5757826,0.0073172787440241496,0.00785748053049573,0.004581597831449074
S1PR5,2.550464,0.24273264,0.010757963786895391,0.011526389771673633,0.005074912652762309
IL4,2.5439935,0.6947909,0.010959313265198067,0.011715969637628222,0.004083197290328486
MPO,2.4776373,-0.09386571,0.013225552530503172,0.014107256032536717,0.005377512981299808
PODXL,2.4406538,-0.5848794,0.014660702701213028,0.015603408639871958,0.0806881233185339
CSF2,2.4037023,1.2099009,0.016229989809602333,0.01723538740842726,0.0033031750148757306
FGFBP2,2.3243978,-0.5595249,0.02010418116138359,0.02130244361471109,0.011697791271887666
PRTN3,2.2471972,0.5012774,0.024627434512428742,0.025980590254869883,0.003800939841020399
LAG3,2.1809378,-0.065481514,0.029188020682472223,0.030724232297339185,0.005553606029629404
PRF1,2.1533985,0.0831431,0.0312873664379465,0.03286200413613637,0.004636269319378118
NCR2,2.0727344,0.05143939,0.038197006990032124,0.040031797718810956,0.00421034028551231
DEFA1,2.0608249,0.21508402,0.03931975003653511,0.041118692848664165,0.004223054585030693
TNFRSF18,1.7586105,1.5111039,0.0786436981970088,0.08170773838650264,0.002212923831174445
BATF3,1.7358246,-0.47839272,0.08259485145748673,0.08562749179177889,0.006932471812397967
IL6R,1.5880768,-0.839727,0.11226897688271928,0.11614032091315787,0.038898127946538914
TRAV24,1.4704633,-0.25427982,0.1414363391731019,0.1459988017270729,0.004330490415961023
SLCO2A1,1.3477639,-0.68264747,0.1777343395780948,0.1828504482899138,0.06583909291101515
IL17A,1.3472546,-0.42696616,0.1778982486487286,0.1828504482899138,0.00458477640632867
MT2A,1.3273046,-0.64303714,0.18440793686611312,0.18913634550370576,0.007074236252027931
PDCD1,1.3259819,-0.2872343,0.18484572618341044,0.1891811270107399,0.004496412024675912
NOS2,1.2303127,-0.569114,0.21858001033244046,0.22323064885015195,0.008794480976865061
GNLY,1.1245095,-0.21794835,0.2607969846816959,0.2657803665545945,0.003077496198424444
NOX4,1.0729841,-0.5755892,0.2832782629513706,0.2880795894420718,0.12408774900955606
SELE,0.634586,-1.0373943,0.5256984625352586,0.5312321305619455,0.007919101455024436
IRF7,0.55329436,-0.7586232,0.5800618757280042,0.5849363452719369,0.0025670170727613933
CCL3,0.1978789,-0.833909,0.8431398132779195,0.8466675949234338,0.0035447467057249946
CCL4,0.19093238,-0.8200462,0.8485785718264616,0.8503501346068926,0.0032656678312965024
IL17RC,0.039549332,-0.81348145,0.9684524238563957,0.9684524238563957,0.03332735761255969
PPP1R15A,-0.45383823,-0.8104989,0.6499452606971625,0.654032966739283,0.054471873426605436
DACH1,-0.72348154,-0.6455611,0.4693841061136018,0.47532567707706513,0.06258868223914071
SLC26A4,-0.7372685,-1.1054236,0.46095909626063014,0.4677809010678699,0.013666600552309172
LTBP2,-1.8239647,-0.72819805,0.06815739833479809,0.07096648850477892,0.044116712183858944
RBCK1,-2.049222,-0.7547084,0.040440417287186836,0.04219869629967322,0.09818299945582798
WT1,-2.2877092,-0.85921997,0.02215446267965977,0.023423220454265835,0.018054305316102914
CNN1,-3.2635841,-0.9497381,0.0011001251459123002,0.001202870318992948,0.02032635064003784
NPHS2,-5.9381013,-1.0087973,2.8834173787894384e-09,3.642211425839291e-09,0.01749424042231817
RORA,-6.77719,-0.8655467,1.2253540833779038e-11,1.598287934840744e-11,0.11057626291137117
CEACAM1,-6.8194976,-0.85310197,9.135959456467944e-12,1.1948938798650173e-11,0.07817895630858114
PDE1C,-8.143023,-1.2826167,3.8553042862293043e-16,5.36390161562338e-16,0.018083548204995192
PTPRD,-11.91876,-1.0592744,9.45038182196507e-33,1.5120610915144113e-32,0.08064489470017139
SLC4A1,-12.676459,-1.3881803,7.985859167620478e-37,1.317255120432244e-36,0.025876142379811725
SLIT2,-14.979495,-1.2337598,9.99733513109538e-51,1.8385903689370813e-50,0.04482934867186427
ABR,-16.431368,-0.92069656,1.1405610641330779e-60,2.2254850031864937e-60,0.10882613958266583
KCNJ15,-17.173841,-0.6436004,4.1689923236181164e-66,8.515388575900834e-66,0.17978591662470947
GATA3,-19.510454,-0.90577036,8.948242872875363e-85,1.9523438995364429e-84,0.07166097066048244
DEFB1,-20.287508,-0.8270335,1.6578608491418292e-91,3.6841352203151756e-91,0.08894161085089178
DNM1,-20.465004,-1.338368,4.416525544075539e-93,9.90622551942177e-93,0.06702279419617656
AFDN,-25.681383,-0.90261334,1.8871406370987562e-145,5.266438987252343e-145,0.15782577849655952
UMOD,-25.909998,-0.94086516,5.1381855252005156e-148,1.4422976912843552e-147,0.08711202315019656
PLCG2,-29.998579,-1.0972509,1.0241224421069748e-197,3.1920699494243365e-197,0.08637713663803406
SLC12A1,-30.457907,-1.2088093,9.413331439765318e-204,2.9726309809785215e-203,0.10154783882336786
SLC5A2,-31.868132,-2.0607688,7.38304412268863e-223,2.4107899176126136e-222,0.02932807469905253
ATP6V0D2,-31.896284,-1.321991,3.006440831277566e-223,9.884189034337203e-223,0.04348544721277126
LRP2,-32.6084,-0.83113706,3.1178760317531737e-233,1.0392920105843913e-232,0.14112681750911615
EGFL7,-33.10644,-2.1921792,2.400589137938064e-240,8.057921581890006e-240,0.02919266740918176
SLC4A9,-35.144238,-2.742912,1.4236878571906274e-270,4.951957764141313e-270,0.017177654364310454
RORC,-38.783268,-1.515124,0.0,0.0,0.06567825702210763
BHLHE40,-39.90392,-1.353443,0.0,0.0,0.13038832013589044
ATF3,-42.067783,-3.1428175,0.0,0.0,0.015843924344832144
CALB1,-42.330814,-1.5700387,0.0,0.0,0.04718403694266868
SLC22A8,-42.855343,-0.91864276,0.0,0.0,0.07933214327489842
SLC12A3,-48.0296,-2.6247573,0.0,0.0,0.027382151157764115
CUBN,-66.37332,-1.469458,0.0,0.0,0.09652378336867909
JUN,-84.41042,-2.187372,0.0,0.0,0.07563673211988059
NR4A1,-120.968285,-4.4913445,0.0,0.0,0.017208804398130488
SLC5A12,-126.22769,-2.07624,0.0,0.0,0.11613940466563935
VEGFA,-144.4976,-2.0631685,0.0,0.0,0.12888231135793804
